id,filename,media_type,byte_size,collection,status,version_id,version_number,motion_metadata
5b496cfe-f106-4a3e-af5b-5fbbf9554e47,cognios-rotation-fallback.jpg,image/jpeg,160562,website,active,df60b640-e4b4-4dd9-b660-90926346e29f,1,
15f16944-8b9b-413d-8c4d-b2f372c0efbf,cognios-rotation-poster.jpg,image/jpeg,82468,website,active,b10bd43d-ca79-41a8-9a5e-fd811efa19b4,1,
af087f48-b96b-485a-975c-c2d7603b2803,cognios-rotation.mp4,video/mp4,1398073,motion,active,55b4f192-2e33-48ab-b812-3ae96875e221,2,"{""loop"": true, ""groupId"": ""platforms-hero"", ""variant"": ""desktop"", ""autoplay"": true, ""accessibility"": {""hasAudio"": false, ""decorative"": true}, ""posterMediaId"": ""15f16944-8b9b-413d-8c4d-b2f372c0efbf"", ""reducedMotionMediaId"": ""5b496cfe-f106-4a3e-af5b-5fbbf9554e47""}"
7496b751-5c11-428e-a368-c2b908cd3921,cognios-rotation.webm,video/webm,1342022,motion,active,fafa7f11-92e9-4014-8469-bc33b8197bf8,2,"{""loop"": true, ""groupId"": ""platforms-hero"", ""variant"": ""desktop"", ""autoplay"": true, ""accessibility"": {""hasAudio"": false, ""decorative"": true}, ""posterMediaId"": ""15f16944-8b9b-413d-8c4d-b2f372c0efbf"", ""reducedMotionMediaId"": ""5b496cfe-f106-4a3e-af5b-5fbbf9554e47""}"
5818301d-f08c-4d1d-a6ec-5be5d59bc6e7,industries-hero-flight-poster.jpg,image/jpeg,121728,website,active,c4845e14-605e-47f8-bae6-e1753c53aad4,1,
0f802863-ca95-47df-8250-3cd86903394d,industries-hero-flight.mp4,video/mp4,3716572,motion,active,d0504bbb-ffee-48f8-9d41-de572a7f3b20,1,"{""loop"": true, ""groupId"": ""industries-hero"", ""variant"": ""desktop"", ""autoplay"": true, ""accessibility"": {""hasAudio"": false, ""decorative"": true}, ""posterMediaId"": ""5818301d-f08c-4d1d-a6ec-5be5d59bc6e7"", ""reducedMotionMediaId"": ""5818301d-f08c-4d1d-a6ec-5be5d59bc6e7""}"
c2594d2d-50af-44d5-90cb-1204baf2239d,industries-hero-flight.webm,video/webm,3690339,motion,active,7cc43134-e268-4900-8871-aa938a8af658,1,"{""loop"": true, ""groupId"": ""industries-hero"", ""variant"": ""desktop"", ""autoplay"": true, ""accessibility"": {""hasAudio"": false, ""decorative"": true}, ""posterMediaId"": ""5818301d-f08c-4d1d-a6ec-5be5d59bc6e7"", ""reducedMotionMediaId"": ""5818301d-f08c-4d1d-a6ec-5be5d59bc6e7""}"
8cc93d32-1028-43ea-a8d3-ffb238d338f1,pulse-hero-film-poster.jpg,image/jpeg,184124,website,active,517a7749-17d9-4897-9365-45c29c403208,1,
1409d256-4c30-4b36-98d6-2eaf9e358c11,pulse-hero-motion.mp4,video/mp4,2275562,motion,active,dab59f80-b87a-4b7a-ad8f-67903b71b092,1,"{""loop"": true, ""groupId"": ""homepage-hero"", ""variant"": ""desktop"", ""autoplay"": true, ""accessibility"": {""hasAudio"": false, ""decorative"": true}, ""posterMediaId"": ""8cc93d32-1028-43ea-a8d3-ffb238d338f1"", ""reducedMotionMediaId"": ""8cc93d32-1028-43ea-a8d3-ffb238d338f1""}"
faf7548d-c3c5-498c-9a4a-47470b5987ce,pulse-hero-motion.webm,video/webm,5739176,motion,active,686169e4-750e-451a-b9cc-236dee2eacf2,1,"{""loop"": true, ""groupId"": ""homepage-hero"", ""variant"": ""desktop"", ""autoplay"": true, ""accessibility"": {""hasAudio"": false, ""decorative"": true}, ""posterMediaId"": ""8cc93d32-1028-43ea-a8d3-ffb238d338f1"", ""reducedMotionMediaId"": ""8cc93d32-1028-43ea-a8d3-ffb238d338f1""}"
