id,filename,status,version_id,version_number,rights,accessibility
8350af7e-f983-4d76-98d2-ca937c86e13b,AI Value-to-Scale hero.jpg,active,bf08f590-7d03-4d6d-a031-2453180df7ff,2,approved-use,approved
20d3be48-6a7f-48eb-93b7-16da1840e2ce,banking-contact-centre.jpg,active,40a6c4c5-0b6e-4458-b691-fa6f29ff6e8f,2,approved-use,approved
f2144c4f-aa53-4f92-9432-b826e786596c,banking-core-operations.png,active,9e876ac3-0384-4cdb-ad6c-86b8eeb0694d,2,approved-use,approved
de938b11-0d16-42ae-bca1-15a26d35b1fd,banking-marketing-intelligence.jpg,active,62ddb003-9a91-4beb-ac3f-d6de7d94354d,2,approved-use,approved
df2d410a-819b-4022-b87e-7695a36e0f75,banking-production-readiness-gate.jpg,active,095a8bd4-9d91-4d5c-b2d9-7afd39079b40,2,approved-use,approved
9094cfb6-6907-4c16-8169-b587e339c4d7,method-aor-v2.jpg,active,238a812c-2467-4a21-a3b6-38c74b87a82b,2,approved-use,approved
38d3f09f-7730-4d1c-a1bd-c8251ab2c166,method-ucp-governed-ai-v3.jpg,active,7b54fdbf-6a37-4b53-960c-db4f1a21a5ee,2,approved-use,approved
fb4b055a-a6a2-49db-b2aa-b5c642239ce3,site-government.jpg,active,b50581a1-e556-4c95-9df3-ab51cb7ea512,2,approved-use,approved
687ee071-3920-4038-8a67-49893873ecd6,site-infrastructure.jpg,active,c2524019-7b47-4a68-99f2-3e8dc5a93ea2,2,approved-use,approved
ab951f5c-e586-4ea6-80f8-669fd0301932,site-insights.jpg,active,76359777-790e-497b-b4f4-52c59975680d,2,approved-use,approved
ca957ee4-8a53-451e-b380-efb22890d428,site-leadership.jpg,active,de3be07e-b42b-4f8d-987d-91df351837d9,2,approved-use,approved
bcbd2d4a-c766-424d-b007-b1603eb97d45,site-services.jpg,active,cfda5c81-d691-4f04-b6a6-a273ca2a52cf,2,approved-use,approved
a9c04c68-a892-4081-bb15-3bac435d6ab6,site-work-proof.jpg,active,7d11a114-032a-4cc5-8d13-647b8f57371e,2,approved-use,approved
