section,page,path,url
Home,Home,/,https://cognirise.ai/
Services,Agentic enterprise transformation,/what-we-do/agentic-enterprise-transformation,https://cognirise.ai/what-we-do/agentic-enterprise-transformation
Services,Data & AI foundations,/what-we-do/data-ai-foundations,https://cognirise.ai/what-we-do/data-ai-foundations
Services,Digital AI workforce,/what-we-do/digital-ai-workforce,https://cognirise.ai/what-we-do/digital-ai-workforce
Services,Engineering with AI,/what-we-do/engineering-with-ai,https://cognirise.ai/what-we-do/engineering-with-ai
Services,Sovereign & regulated AI,/what-we-do/sovereign-regulated-ai,https://cognirise.ai/what-we-do/sovereign-regulated-ai
Methodologies,Methodologies,/methodologies,https://cognirise.ai/methodologies
Methodologies,Agent Authority Model,/methodologies/agent-authority-model,https://cognirise.ai/methodologies/agent-authority-model
Methodologies,Agentic operations readiness,/methodologies/agentic-operations-readiness,https://cognirise.ai/methodologies/agentic-operations-readiness
Methodologies,Ai use case prioritization,/methodologies/ai-use-case-prioritization,https://cognirise.ai/methodologies/ai-use-case-prioritization
Methodologies,Ai value to scale,/methodologies/ai-value-to-scale,https://cognirise.ai/methodologies/ai-value-to-scale
Methodologies,Guardrails framework,/methodologies/guardrails-framework,https://cognirise.ai/methodologies/guardrails-framework
Methodologies,Human agent operating model,/methodologies/human-agent-operating-model,https://cognirise.ai/methodologies/human-agent-operating-model
Methodologies,IDAO,/methodologies/idao,https://cognirise.ai/methodologies/idao
Platforms,CogniOS,/platforms/cognios,https://cognirise.ai/platforms/cognios
Industries,Industries,/industries,https://cognirise.ai/industries
Industries,Education,/industries/education,https://cognirise.ai/industries/education
Industries,Energy resources,/industries/energy-resources,https://cognirise.ai/industries/energy-resources
Industries,Financial services,/industries/financial-services,https://cognirise.ai/industries/financial-services
Industries,Public sector,/industries/public-sector,https://cognirise.ai/industries/public-sector
Industries,Telecoms,/industries/telecoms,https://cognirise.ai/industries/telecoms
Industries,Travel hospitality,/industries/travel-hospitality,https://cognirise.ai/industries/travel-hospitality
Case studies,Clinic network,/work/clinic-network,https://cognirise.ai/work/clinic-network
Company,Our team,/about,https://cognirise.ai/about
Company,Core values,/about/core-values,https://cognirise.ai/about/core-values
Contact & assessment,Contact,/contact,https://cognirise.ai/contact
Contact & assessment,Value Scan,/value-scan,https://cognirise.ai/value-scan
